{"cameraMode":{"drawMode":0,"name":"Shaded","section":"Shading Mode"},"sceneLighting":false,"audioPlay":false,"sceneViewState":{"m_AlwaysRefresh":false,"showFog":true,"showSkybox":false,"showFlares":true,"showImageEffects":true,"showParticleSystems":true,"showVisualEffectGraphs":true,"m_FxEnabled":true},"in2DMode":false,"pivot":{"x":20.285507202148439,"y":-13.309974670410157,"z":31.697954177856447},"rotation":{"x":-0.13446928560733796,"y":-0.25296783447265627,"z":0.03546568378806114,"w":-0.9574070572853088},"size":34.64101791381836,"orthographic":false}